file_path,file_name,file_extension,file_size_bytes,modified_time,parent_folder
data/raw/Iraq Ethnicity Complete/info copy/arc0000r.001,arc0000r.001,001,6144,2026-05-04T16:32:10Z,data/raw/Iraq Ethnicity Complete/info copy
data/raw/Iraq Ethnicity Complete/info/arc0000r.001,arc0000r.001,001,6144,2026-05-04T16:32:10Z,data/raw/Iraq Ethnicity Complete/info
data/raw/iraq_ethnicity_unzipped/Iraq Ethnicity/Iraq Ethnicity Complete/info/arc0000r.001,arc0000r.001,001,6144,2026-05-04T16:32:10Z,data/raw/iraq_ethnicity_unzipped/Iraq Ethnicity/Iraq Ethnicity Complete/info
data/raw/Iraq Ethnicity Complete/info copy/arc0000r.004,arc0000r.004,004,6144,2026-05-04T16:32:10Z,data/raw/Iraq Ethnicity Complete/info copy
data/raw/Iraq Ethnicity Complete/info/arc0000r.004,arc0000r.004,004,6144,2026-05-04T16:32:10Z,data/raw/Iraq Ethnicity Complete/info
data/raw/iraq_ethnicity_unzipped/Iraq Ethnicity/Iraq Ethnicity Complete/info/arc0000r.004,arc0000r.004,004,6144,2026-05-04T16:32:10Z,data/raw/iraq_ethnicity_unzipped/Iraq Ethnicity/Iraq Ethnicity Complete/info
data/raw/Iraq Ethnicity Complete/Iraq_Ethnic_lg1 copy.aux,Iraq_Ethnic_lg1 copy.aux,aux,5971,2026-05-04T16:32:10Z,data/raw/Iraq Ethnicity Complete
data/raw/Iraq Ethnicity Complete/Iraq_Ethnic_lg1.aux,Iraq_Ethnic_lg1.aux,aux,5971,2026-05-04T16:32:10Z,data/raw/Iraq Ethnicity Complete
data/raw/iraq_ethnicity_unzipped/Iraq Ethnicity/Iraq Ethnicity Complete/Iraq_Ethnic_lg1.aux,Iraq_Ethnic_lg1.aux,aux,5971,2026-05-04T16:32:10Z,data/raw/iraq_ethnicity_unzipped/Iraq Ethnicity/Iraq Ethnicity Complete
data/raw/csv/GTD_A.csv,GTD_A.csv,csv,32776846,2026-05-07T22:06:21Z,data/raw/csv
data/raw/Iraq Ethnicity Complete/info copy/arc0000.dat,arc0000.dat,dat,4784,2026-05-04T16:32:10Z,data/raw/Iraq Ethnicity Complete/info copy
data/raw/Iraq Ethnicity Complete/info/arc0000.dat,arc0000.dat,dat,4784,2026-05-04T16:32:10Z,data/raw/Iraq Ethnicity Complete/info
data/raw/iraq_ethnicity_unzipped/Iraq Ethnicity/Iraq Ethnicity Complete/info/arc0000.dat,arc0000.dat,dat,4784,2026-05-04T16:32:10Z,data/raw/iraq_ethnicity_unzipped/Iraq Ethnicity/Iraq Ethnicity Complete/info
data/raw/Iraq Ethnicity Complete/Thumbs.db,Thumbs.db,db,27648,2026-05-04T16:32:10Z,data/raw/Iraq Ethnicity Complete
data/raw/iraq_ethnicity_unzipped/Iraq Ethnicity/Iraq Ethnicity Complete/Thumbs.db,Thumbs.db,db,27648,2026-05-04T16:32:10Z,data/raw/iraq_ethnicity_unzipped/Iraq Ethnicity/Iraq Ethnicity Complete
data/raw/Iraq Ethnicity Complete/IraqEthnicity copy.dbf,IraqEthnicity copy.dbf,dbf,66,2026-05-04T16:32:10Z,data/raw/Iraq Ethnicity Complete
data/raw/Iraq Ethnicity Complete/IraqEthnicity.dbf,IraqEthnicity.dbf,dbf,66,2026-05-04T16:32:10Z,data/raw/Iraq Ethnicity Complete
data/raw/iraq_ethnicity_unzipped/Iraq Ethnicity/Iraq Ethnicity Complete/IraqEthnicity.dbf,IraqEthnicity.dbf,dbf,66,2026-05-04T16:32:10Z,data/raw/iraq_ethnicity_unzipped/Iraq Ethnicity/Iraq Ethnicity Complete
data/raw/Iraq Ethnicity Complete/Iraq_Ethnic_shp copy.dbf,Iraq_Ethnic_shp copy.dbf,dbf,130,2026-05-04T16:32:10Z,data/raw/Iraq Ethnicity Complete
data/raw/Iraq Ethnicity Complete/Iraq_Ethnic_shp.dbf,Iraq_Ethnic_shp.dbf,dbf,130,2026-05-04T16:32:10Z,data/raw/Iraq Ethnicity Complete
data/raw/iraq_ethnicity_unzipped/Iraq Ethnicity/Iraq Ethnicity Complete/Iraq_Ethnic_shp.dbf,Iraq_Ethnic_shp.dbf,dbf,130,2026-05-04T16:32:10Z,data/raw/iraq_ethnicity_unzipped/Iraq Ethnicity/Iraq Ethnicity Complete
data/raw/Iraq Ethnicity Complete/Iraq_ethnic_Complete_Intersect copy.dbf,Iraq_ethnic_Complete_Intersect copy.dbf,dbf,57974,2026-05-04T16:32:10Z,data/raw/Iraq Ethnicity Complete
data/raw/Iraq Ethnicity Complete/Iraq_ethnic_Complete_Intersect.dbf,Iraq_ethnic_Complete_Intersect.dbf,dbf,57974,2026-05-04T16:32:10Z,data/raw/Iraq Ethnicity Complete
data/raw/Iraq Ethnicity Population/Iraq_ethnic_Complete_Intersect.dbf,Iraq_ethnic_Complete_Intersect.dbf,dbf,57783,2026-05-04T16:34:31Z,data/raw/Iraq Ethnicity Population
data/raw/iraq_ethnicity_unzipped/Iraq Ethnicity/Iraq Ethnicity Complete/Iraq_ethnic_Complete_Intersect.dbf,Iraq_ethnic_Complete_Intersect.dbf,dbf,57974,2026-05-04T16:32:10Z,data/raw/iraq_ethnicity_unzipped/Iraq Ethnicity/Iraq Ethnicity Complete
data/raw/iraq_ethnicity_unzipped/Iraq Ethnicity/Iraq Ethnicity Population/Iraq_ethnic_Complete_Intersect.dbf,Iraq_ethnic_Complete_Intersect.dbf,dbf,57783,2026-05-04T16:34:31Z,data/raw/iraq_ethnicity_unzipped/Iraq Ethnicity/Iraq Ethnicity Population
data/raw/Iraq Ethnicity Complete/Iraq_ethnic_UTM copy.dbf,Iraq_ethnic_UTM copy.dbf,dbf,4770,2026-05-04T16:32:10Z,data/raw/Iraq Ethnicity Complete
data/raw/Iraq Ethnicity Complete/Iraq_ethnic_UTM.dbf,Iraq_ethnic_UTM.dbf,dbf,4770,2026-05-04T16:32:10Z,data/raw/Iraq Ethnicity Complete
data/raw/Iraq Ethnicity Only/Iraq_ethnic_UTM.dbf,Iraq_ethnic_UTM.dbf,dbf,4770,2026-05-04T16:34:13Z,data/raw/Iraq Ethnicity Only
data/raw/iraq_ethnicity_unzipped/Iraq Ethnicity/Iraq Ethnicity Complete/Iraq_ethnic_UTM.dbf,Iraq_ethnic_UTM.dbf,dbf,4770,2026-05-04T16:32:10Z,data/raw/iraq_ethnicity_unzipped/Iraq Ethnicity/Iraq Ethnicity Complete
data/raw/iraq_ethnicity_unzipped/Iraq Ethnicity/Iraq Ethnicity Only/Iraq_ethnic_UTM.dbf,Iraq_ethnic_UTM.dbf,dbf,4770,2026-05-04T16:34:13Z,data/raw/iraq_ethnicity_unzipped/Iraq Ethnicity/Iraq Ethnicity Only
data/raw/district_intersect.dbf,district_intersect.dbf,dbf,5374,2026-05-04T16:32:10Z,data/raw
data/raw/Iraq Ethnicity Complete/7-baghdad_coded copy/district_intersect.dbf,district_intersect.dbf,dbf,5374,2026-05-04T16:32:10Z,data/raw/Iraq Ethnicity Complete/7-baghdad_coded copy
data/raw/Iraq Ethnicity Complete/7-baghdad_coded/district_intersect.dbf,district_intersect.dbf,dbf,5374,2026-05-04T16:32:10Z,data/raw/Iraq Ethnicity Complete/7-baghdad_coded
data/raw/iraq_ethnicity_unzipped/Iraq Ethnicity/Iraq Ethnicity Complete/7-baghdad_coded/district_intersect.dbf,district_intersect.dbf,dbf,5374,2026-05-04T16:32:10Z,data/raw/iraq_ethnicity_unzipped/Iraq Ethnicity/Iraq Ethnicity Complete/7-baghdad_coded
data/raw/district_intersect_Project.dbf,district_intersect_Project.dbf,dbf,5794,2026-05-04T16:32:10Z,data/raw
data/raw/Iraq Ethnicity Complete/7-baghdad_coded copy/district_intersect_Project.dbf,district_intersect_Project.dbf,dbf,5794,2026-05-04T16:32:10Z,data/raw/Iraq Ethnicity Complete/7-baghdad_coded copy
data/raw/Iraq Ethnicity Complete/7-baghdad_coded/district_intersect_Project.dbf,district_intersect_Project.dbf,dbf,5794,2026-05-04T16:32:10Z,data/raw/Iraq Ethnicity Complete/7-baghdad_coded
data/raw/iraq_ethnicity_unzipped/Iraq Ethnicity/Iraq Ethnicity Complete/7-baghdad_coded/district_intersect_Project.dbf,district_intersect_Project.dbf,dbf,5794,2026-05-04T16:32:10Z,data/raw/iraq_ethnicity_unzipped/Iraq Ethnicity/Iraq Ethnicity Complete/7-baghdad_coded
data/raw/Iraq Ethnicity Complete/iraq_districts_06162010 copy.dbf,iraq_districts_06162010 copy.dbf,dbf,13842,2026-05-04T16:32:09Z,data/raw/Iraq Ethnicity Complete
data/raw/Iraq Ethnicity Complete/iraq_districts_06162010.dbf,iraq_districts_06162010.dbf,dbf,13842,2026-05-04T16:32:09Z,data/raw/Iraq Ethnicity Complete
data/raw/iraq_ethnicity_unzipped/Iraq Ethnicity/Iraq Ethnicity Complete/iraq_districts_06162010.dbf,iraq_districts_06162010.dbf,dbf,13842,2026-05-04T16:32:09Z,data/raw/iraq_ethnicity_unzipped/Iraq Ethnicity/Iraq Ethnicity Complete
data/raw/Iraq Ethnicity Complete/7-baghdad_coded copy/urban_baghdad.dbf,urban_baghdad.dbf,dbf,624,2026-05-04T16:32:10Z,data/raw/Iraq Ethnicity Complete/7-baghdad_coded copy
data/raw/Iraq Ethnicity Complete/7-baghdad_coded/urban_baghdad.dbf,urban_baghdad.dbf,dbf,624,2026-05-04T16:32:10Z,data/raw/Iraq Ethnicity Complete/7-baghdad_coded
data/raw/iraq_ethnicity_unzipped/Iraq Ethnicity/Iraq Ethnicity Complete/7-baghdad_coded/urban_baghdad.dbf,urban_baghdad.dbf,dbf,624,2026-05-04T16:32:10Z,data/raw/iraq_ethnicity_unzipped/Iraq Ethnicity/Iraq Ethnicity Complete/7-baghdad_coded
data/raw/urban_baghdad.dbf,urban_baghdad.dbf,dbf,624,2026-05-04T16:32:10Z,data/raw
data/raw/Iraq Ethnicity Complete/info copy/arc.dir,arc.dir,dir,380,2026-05-04T16:32:10Z,data/raw/Iraq Ethnicity Complete/info copy
data/raw/Iraq Ethnicity Complete/info/arc.dir,arc.dir,dir,380,2026-05-04T16:32:10Z,data/raw/Iraq Ethnicity Complete/info
data/raw/iraq_ethnicity_unzipped/Iraq Ethnicity/Iraq Ethnicity Complete/info/arc.dir,arc.dir,dir,380,2026-05-04T16:32:10Z,data/raw/iraq_ethnicity_unzipped/Iraq Ethnicity/Iraq Ethnicity Complete/info
data/raw/Iraq Ethnicity Complete/Iraq_Ethnic_lg copy.jgw,Iraq_Ethnic_lg copy.jgw,jgw,121,2026-05-04T16:32:10Z,data/raw/Iraq Ethnicity Complete
data/raw/Iraq Ethnicity Complete/Iraq_Ethnic_lg.jgw,Iraq_Ethnic_lg.jgw,jgw,121,2026-05-04T16:32:10Z,data/raw/Iraq Ethnicity Complete
data/raw/iraq_ethnicity_unzipped/Iraq Ethnicity/Iraq Ethnicity Complete/Iraq_Ethnic_lg.jgw,Iraq_Ethnic_lg.jgw,jgw,121,2026-05-04T16:32:10Z,data/raw/iraq_ethnicity_unzipped/Iraq Ethnicity/Iraq Ethnicity Complete
data/raw/Iraq Ethnicity Complete/Central_Iraq_Ethnic_lg copy.jpg,Central_Iraq_Ethnic_lg copy.jpg,jpg,2778573,2026-05-04T16:32:09Z,data/raw/Iraq Ethnicity Complete
data/raw/Iraq Ethnicity Complete/Central_Iraq_Ethnic_lg.jpg,Central_Iraq_Ethnic_lg.jpg,jpg,2778573,2026-05-04T16:32:09Z,data/raw/Iraq Ethnicity Complete
data/raw/iraq_ethnicity_unzipped/Iraq Ethnicity/Iraq Ethnicity Complete/Central_Iraq_Ethnic_lg.jpg,Central_Iraq_Ethnic_lg.jpg,jpg,2778573,2026-05-04T16:32:09Z,data/raw/iraq_ethnicity_unzipped/Iraq Ethnicity/Iraq Ethnicity Complete
data/raw/Iraq Ethnicity Complete/Iraq_Ethnic_lg copy.jpg,Iraq_Ethnic_lg copy.jpg,jpg,2646060,2026-05-04T16:32:10Z,data/raw/Iraq Ethnicity Complete
data/raw/Iraq Ethnicity Complete/Iraq_Ethnic_lg.jpg,Iraq_Ethnic_lg.jpg,jpg,2646060,2026-05-04T16:32:10Z,data/raw/Iraq Ethnicity Complete
data/raw/iraq_ethnicity_unzipped/Iraq Ethnicity/Iraq Ethnicity Complete/Iraq_Ethnic_lg.jpg,Iraq_Ethnic_lg.jpg,jpg,2646060,2026-05-04T16:32:10Z,data/raw/iraq_ethnicity_unzipped/Iraq Ethnicity/Iraq Ethnicity Complete
data/raw/Iraq Ethnicity Complete/7-baghdad_coded copy/urban_bagh.kmz,urban_bagh.kmz,kmz,5309,2026-05-04T16:32:10Z,data/raw/Iraq Ethnicity Complete/7-baghdad_coded copy
data/raw/Iraq Ethnicity Complete/7-baghdad_coded/urban_bagh.kmz,urban_bagh.kmz,kmz,5309,2026-05-04T16:32:10Z,data/raw/Iraq Ethnicity Complete/7-baghdad_coded
data/raw/iraq_ethnicity_unzipped/Iraq Ethnicity/Iraq Ethnicity Complete/7-baghdad_coded/urban_bagh.kmz,urban_bagh.kmz,kmz,5309,2026-05-04T16:32:10Z,data/raw/iraq_ethnicity_unzipped/Iraq Ethnicity/Iraq Ethnicity Complete/7-baghdad_coded
data/raw/urban_bagh.kmz,urban_bagh.kmz,kmz,5309,2026-05-04T16:32:10Z,data/raw
data/raw/Iraq Ethnicity Complete/Iraq_ethnic_Complete_Intersect.shp.WWS-C5D6FN1.3908.432.sr copy.lock,Iraq_ethnic_Complete_Intersect.shp.WWS-C5D6FN1.3908.432.sr copy.lock,lock,0,2026-05-04T16:32:10Z,data/raw/Iraq Ethnicity Complete
data/raw/Iraq Ethnicity Complete/Iraq_ethnic_Complete_Intersect.shp.WWS-C5D6FN1.3908.432.sr.lock,Iraq_ethnic_Complete_Intersect.shp.WWS-C5D6FN1.3908.432.sr.lock,lock,0,2026-05-04T16:32:10Z,data/raw/Iraq Ethnicity Complete
data/raw/iraq_ethnicity_unzipped/Iraq Ethnicity/Iraq Ethnicity Complete/Iraq_ethnic_Complete_Intersect.shp.WWS-C5D6FN1.3908.432.sr.lock,Iraq_ethnic_Complete_Intersect.shp.WWS-C5D6FN1.3908.432.sr.lock,lock,0,2026-05-04T16:32:10Z,data/raw/iraq_ethnicity_unzipped/Iraq Ethnicity/Iraq Ethnicity Complete
data/raw/Iraq Ethnicity Complete/Iraq_ethnic_Complete_Intersect.shp.ed copy.lock,Iraq_ethnic_Complete_Intersect.shp.ed copy.lock,lock,0,2026-05-04T16:32:10Z,data/raw/Iraq Ethnicity Complete
data/raw/Iraq Ethnicity Complete/Iraq_ethnic_Complete_Intersect.shp.ed.lock,Iraq_ethnic_Complete_Intersect.shp.ed.lock,lock,0,2026-05-04T16:32:10Z,data/raw/Iraq Ethnicity Complete
data/raw/iraq_ethnicity_unzipped/Iraq Ethnicity/Iraq Ethnicity Complete/Iraq_ethnic_Complete_Intersect.shp.ed.lock,Iraq_ethnic_Complete_Intersect.shp.ed.lock,lock,0,2026-05-04T16:32:10Z,data/raw/iraq_ethnicity_unzipped/Iraq Ethnicity/Iraq Ethnicity Complete
data/raw/Iraq Ethnicity Complete/Iraq_ethnic_UTM.shp.WWS-C5D6FN1.3908.432.sr copy.lock,Iraq_ethnic_UTM.shp.WWS-C5D6FN1.3908.432.sr copy.lock,lock,0,2026-05-04T16:32:10Z,data/raw/Iraq Ethnicity Complete
data/raw/Iraq Ethnicity Complete/Iraq_ethnic_UTM.shp.WWS-C5D6FN1.3908.432.sr.lock,Iraq_ethnic_UTM.shp.WWS-C5D6FN1.3908.432.sr.lock,lock,0,2026-05-04T16:32:10Z,data/raw/Iraq Ethnicity Complete
data/raw/iraq_ethnicity_unzipped/Iraq Ethnicity/Iraq Ethnicity Complete/Iraq_ethnic_UTM.shp.WWS-C5D6FN1.3908.432.sr.lock,Iraq_ethnic_UTM.shp.WWS-C5D6FN1.3908.432.sr.lock,lock,0,2026-05-04T16:32:10Z,data/raw/iraq_ethnicity_unzipped/Iraq Ethnicity/Iraq Ethnicity Complete
data/raw/Iraq Ethnicity Complete/Iraq_ethnic_UTM.shp.ed copy.lock,Iraq_ethnic_UTM.shp.ed copy.lock,lock,0,2026-05-04T16:32:10Z,data/raw/Iraq Ethnicity Complete
data/raw/Iraq Ethnicity Complete/Iraq_ethnic_UTM.shp.ed.lock,Iraq_ethnic_UTM.shp.ed.lock,lock,0,2026-05-04T16:32:10Z,data/raw/Iraq Ethnicity Complete
data/raw/iraq_ethnicity_unzipped/Iraq Ethnicity/Iraq Ethnicity Complete/Iraq_ethnic_UTM.shp.ed.lock,Iraq_ethnic_UTM.shp.ed.lock,lock,0,2026-05-04T16:32:10Z,data/raw/iraq_ethnicity_unzipped/Iraq Ethnicity/Iraq Ethnicity Complete
data/raw/district_intersect_Project.shp.WWS-C5D6FN1.3908.432.sr.lock,district_intersect_Project.shp.WWS-C5D6FN1.3908.432.sr.lock,lock,0,2026-05-04T16:32:10Z,data/raw
data/raw/Iraq Ethnicity Complete/7-baghdad_coded copy/district_intersect_Project.shp.WWS-C5D6FN1.3908.432.sr.lock,district_intersect_Project.shp.WWS-C5D6FN1.3908.432.sr.lock,lock,0,2026-05-04T16:32:10Z,data/raw/Iraq Ethnicity Complete/7-baghdad_coded copy
data/raw/Iraq Ethnicity Complete/7-baghdad_coded/district_intersect_Project.shp.WWS-C5D6FN1.3908.432.sr.lock,district_intersect_Project.shp.WWS-C5D6FN1.3908.432.sr.lock,lock,0,2026-05-04T16:32:10Z,data/raw/Iraq Ethnicity Complete/7-baghdad_coded
data/raw/iraq_ethnicity_unzipped/Iraq Ethnicity/Iraq Ethnicity Complete/7-baghdad_coded/district_intersect_Project.shp.WWS-C5D6FN1.3908.432.sr.lock,district_intersect_Project.shp.WWS-C5D6FN1.3908.432.sr.lock,lock,0,2026-05-04T16:32:10Z,data/raw/iraq_ethnicity_unzipped/Iraq Ethnicity/Iraq Ethnicity Complete/7-baghdad_coded
data/raw/Iraq Ethnicity Complete/iraq_districts_06162010.shp.WWS-C5D6FN1.3908.432.sr copy.lock,iraq_districts_06162010.shp.WWS-C5D6FN1.3908.432.sr copy.lock,lock,0,2026-05-04T16:32:10Z,data/raw/Iraq Ethnicity Complete
data/raw/Iraq Ethnicity Complete/iraq_districts_06162010.shp.WWS-C5D6FN1.3908.432.sr.lock,iraq_districts_06162010.shp.WWS-C5D6FN1.3908.432.sr.lock,lock,0,2026-05-04T16:32:10Z,data/raw/Iraq Ethnicity Complete
data/raw/iraq_ethnicity_unzipped/Iraq Ethnicity/Iraq Ethnicity Complete/iraq_districts_06162010.shp.WWS-C5D6FN1.3908.432.sr.lock,iraq_districts_06162010.shp.WWS-C5D6FN1.3908.432.sr.lock,lock,0,2026-05-04T16:32:10Z,data/raw/iraq_ethnicity_unzipped/Iraq Ethnicity/Iraq Ethnicity Complete
data/raw/Iraq Ethnicity Complete/iraq_districts_06162010.shp.ed copy.lock,iraq_districts_06162010.shp.ed copy.lock,lock,0,2026-05-04T16:32:10Z,data/raw/Iraq Ethnicity Complete
data/raw/Iraq Ethnicity Complete/iraq_districts_06162010.shp.ed.lock,iraq_districts_06162010.shp.ed.lock,lock,0,2026-05-04T16:32:10Z,data/raw/Iraq Ethnicity Complete
data/raw/iraq_ethnicity_unzipped/Iraq Ethnicity/Iraq Ethnicity Complete/iraq_districts_06162010.shp.ed.lock,iraq_districts_06162010.shp.ed.lock,lock,0,2026-05-04T16:32:10Z,data/raw/iraq_ethnicity_unzipped/Iraq Ethnicity/Iraq Ethnicity Complete
data/raw/Iraq Ethnicity Complete/IRAQ_ETHNICITY copy.mxd,IRAQ_ETHNICITY copy.mxd,mxd,80384,2026-05-04T16:32:10Z,data/raw/Iraq Ethnicity Complete
data/raw/Iraq Ethnicity Complete/IRAQ_ETHNICITY.mxd,IRAQ_ETHNICITY.mxd,mxd,80384,2026-05-04T16:32:10Z,data/raw/Iraq Ethnicity Complete
data/raw/iraq_ethnicity_unzipped/Iraq Ethnicity/Iraq Ethnicity Complete/IRAQ_ETHNICITY.mxd,IRAQ_ETHNICITY.mxd,mxd,80384,2026-05-04T16:32:10Z,data/raw/iraq_ethnicity_unzipped/Iraq Ethnicity/Iraq Ethnicity Complete
data/raw/Iraq Ethnicity Complete/IRAQ_ETHNICITY_1115_Central copy.mxd,IRAQ_ETHNICITY_1115_Central copy.mxd,mxd,62464,2026-05-04T16:32:10Z,data/raw/Iraq Ethnicity Complete
data/raw/Iraq Ethnicity Complete/IRAQ_ETHNICITY_1115_Central.mxd,IRAQ_ETHNICITY_1115_Central.mxd,mxd,62464,2026-05-04T16:32:10Z,data/raw/Iraq Ethnicity Complete
data/raw/iraq_ethnicity_unzipped/Iraq Ethnicity/Iraq Ethnicity Complete/IRAQ_ETHNICITY_1115_Central.mxd,IRAQ_ETHNICITY_1115_Central.mxd,mxd,62464,2026-05-04T16:32:10Z,data/raw/iraq_ethnicity_unzipped/Iraq Ethnicity/Iraq Ethnicity Complete
data/raw/Iraq Ethnicity Complete/IRAQ_ETHNICITY_1116 copy.mxd,IRAQ_ETHNICITY_1116 copy.mxd,mxd,115712,2026-05-04T16:32:10Z,data/raw/Iraq Ethnicity Complete
data/raw/Iraq Ethnicity Complete/IRAQ_ETHNICITY_1116.mxd,IRAQ_ETHNICITY_1116.mxd,mxd,115712,2026-05-04T16:32:10Z,data/raw/Iraq Ethnicity Complete
data/raw/iraq_ethnicity_unzipped/Iraq Ethnicity/Iraq Ethnicity Complete/IRAQ_ETHNICITY_1116.mxd,IRAQ_ETHNICITY_1116.mxd,mxd,115712,2026-05-04T16:32:10Z,data/raw/iraq_ethnicity_unzipped/Iraq Ethnicity/Iraq Ethnicity Complete
data/raw/Iraq Ethnicity Complete/IRAQ_ETHNICITY_1116unpopulated copy.mxd,IRAQ_ETHNICITY_1116unpopulated copy.mxd,mxd,59904,2026-05-04T16:32:10Z,data/raw/Iraq Ethnicity Complete
data/raw/Iraq Ethnicity Complete/IRAQ_ETHNICITY_1116unpopulated.mxd,IRAQ_ETHNICITY_1116unpopulated.mxd,mxd,59904,2026-05-04T16:32:10Z,data/raw/Iraq Ethnicity Complete
data/raw/iraq_ethnicity_unzipped/Iraq Ethnicity/Iraq Ethnicity Complete/IRAQ_ETHNICITY_1116unpopulated.mxd,IRAQ_ETHNICITY_1116unpopulated.mxd,mxd,59904,2026-05-04T16:32:10Z,data/raw/iraq_ethnicity_unzipped/Iraq Ethnicity/Iraq Ethnicity Complete
data/raw/Iraq Ethnicity Complete/IRAQ_ETHNICITY_Complete copy.mxd,IRAQ_ETHNICITY_Complete copy.mxd,mxd,965120,2026-05-04T16:32:10Z,data/raw/Iraq Ethnicity Complete
data/raw/Iraq Ethnicity Complete/IRAQ_ETHNICITY_Complete.mxd,IRAQ_ETHNICITY_Complete.mxd,mxd,965120,2026-05-04T16:32:10Z,data/raw/Iraq Ethnicity Complete
data/raw/iraq_ethnicity_unzipped/Iraq Ethnicity/Iraq Ethnicity Complete/IRAQ_ETHNICITY_Complete.mxd,IRAQ_ETHNICITY_Complete.mxd,mxd,965120,2026-05-04T16:32:10Z,data/raw/iraq_ethnicity_unzipped/Iraq Ethnicity/Iraq Ethnicity Complete
data/raw/Iraq Ethnicity Complete/info copy/arc0000.nit,arc0000.nit,nit,576,2026-05-04T16:32:10Z,data/raw/Iraq Ethnicity Complete/info copy
data/raw/Iraq Ethnicity Complete/info/arc0000.nit,arc0000.nit,nit,576,2026-05-04T16:32:10Z,data/raw/Iraq Ethnicity Complete/info
data/raw/iraq_ethnicity_unzipped/Iraq Ethnicity/Iraq Ethnicity Complete/info/arc0000.nit,arc0000.nit,nit,576,2026-05-04T16:32:10Z,data/raw/iraq_ethnicity_unzipped/Iraq Ethnicity/Iraq Ethnicity Complete/info
data/raw/Iraq Ethnicity Complete/Central_Iraq_Ethnic_lg.jpg copy.ovr,Central_Iraq_Ethnic_lg.jpg copy.ovr,ovr,188048,2026-05-04T16:32:09Z,data/raw/Iraq Ethnicity Complete
data/raw/Iraq Ethnicity Complete/Central_Iraq_Ethnic_lg.jpg.ovr,Central_Iraq_Ethnic_lg.jpg.ovr,ovr,188048,2026-05-04T16:32:09Z,data/raw/Iraq Ethnicity Complete
data/raw/iraq_ethnicity_unzipped/Iraq Ethnicity/Iraq Ethnicity Complete/Central_Iraq_Ethnic_lg.jpg.ovr,Central_Iraq_Ethnic_lg.jpg.ovr,ovr,188048,2026-05-04T16:32:09Z,data/raw/iraq_ethnicity_unzipped/Iraq Ethnicity/Iraq Ethnicity Complete
data/raw/Iraq Ethnicity Complete/Central_Iraq_Ethnic_lg1.tif copy.ovr,Central_Iraq_Ethnic_lg1.tif copy.ovr,ovr,104196,2026-05-04T16:32:09Z,data/raw/Iraq Ethnicity Complete
data/raw/Iraq Ethnicity Complete/Central_Iraq_Ethnic_lg1.tif.ovr,Central_Iraq_Ethnic_lg1.tif.ovr,ovr,104196,2026-05-04T16:32:09Z,data/raw/Iraq Ethnicity Complete
data/raw/iraq_ethnicity_unzipped/Iraq Ethnicity/Iraq Ethnicity Complete/Central_Iraq_Ethnic_lg1.tif.ovr,Central_Iraq_Ethnic_lg1.tif.ovr,ovr,104196,2026-05-04T16:32:09Z,data/raw/iraq_ethnicity_unzipped/Iraq Ethnicity/Iraq Ethnicity Complete
data/raw/Iraq Ethnicity Complete/Iraq_Ethnic_lg.jpg copy.ovr,Iraq_Ethnic_lg.jpg copy.ovr,ovr,192031,2026-05-04T16:32:10Z,data/raw/Iraq Ethnicity Complete
data/raw/Iraq Ethnicity Complete/Iraq_Ethnic_lg.jpg.ovr,Iraq_Ethnic_lg.jpg.ovr,ovr,192031,2026-05-04T16:32:10Z,data/raw/Iraq Ethnicity Complete
data/raw/iraq_ethnicity_unzipped/Iraq Ethnicity/Iraq Ethnicity Complete/Iraq_Ethnic_lg.jpg.ovr,Iraq_Ethnic_lg.jpg.ovr,ovr,192031,2026-05-04T16:32:10Z,data/raw/iraq_ethnicity_unzipped/Iraq Ethnicity/Iraq Ethnicity Complete
data/raw/Iraq Ethnicity Complete/Iraq_Ethnic_lg1.tif copy.ovr,Iraq_Ethnic_lg1.tif copy.ovr,ovr,102002,2026-05-04T16:32:10Z,data/raw/Iraq Ethnicity Complete
data/raw/Iraq Ethnicity Complete/Iraq_Ethnic_lg1.tif.ovr,Iraq_Ethnic_lg1.tif.ovr,ovr,102002,2026-05-04T16:32:10Z,data/raw/Iraq Ethnicity Complete
data/raw/iraq_ethnicity_unzipped/Iraq Ethnicity/Iraq Ethnicity Complete/Iraq_Ethnic_lg1.tif.ovr,Iraq_Ethnic_lg1.tif.ovr,ovr,102002,2026-05-04T16:32:10Z,data/raw/iraq_ethnicity_unzipped/Iraq Ethnicity/Iraq Ethnicity Complete
data/raw/Iraq Ethnicity Complete/Iraq_Ethnic_tif.tif copy.ovr,Iraq_Ethnic_tif.tif copy.ovr,ovr,100548,2026-05-04T16:32:10Z,data/raw/Iraq Ethnicity Complete
data/raw/Iraq Ethnicity Complete/Iraq_Ethnic_tif.tif.ovr,Iraq_Ethnic_tif.tif.ovr,ovr,100548,2026-05-04T16:32:10Z,data/raw/Iraq Ethnicity Complete
data/raw/iraq_ethnicity_unzipped/Iraq Ethnicity/Iraq Ethnicity Complete/Iraq_Ethnic_tif.tif.ovr,Iraq_Ethnic_tif.tif.ovr,ovr,100548,2026-05-04T16:32:10Z,data/raw/iraq_ethnicity_unzipped/Iraq Ethnicity/Iraq Ethnicity Complete
data/raw/Iraq Ethnicity Complete/IraqEthnicity copy.prj,IraqEthnicity copy.prj,prj,145,2026-05-04T16:32:10Z,data/raw/Iraq Ethnicity Complete
data/raw/Iraq Ethnicity Complete/IraqEthnicity.prj,IraqEthnicity.prj,prj,145,2026-05-04T16:32:10Z,data/raw/Iraq Ethnicity Complete
data/raw/iraq_ethnicity_unzipped/Iraq Ethnicity/Iraq Ethnicity Complete/IraqEthnicity.prj,IraqEthnicity.prj,prj,145,2026-05-04T16:32:10Z,data/raw/iraq_ethnicity_unzipped/Iraq Ethnicity/Iraq Ethnicity Complete
data/raw/Iraq Ethnicity Complete/Iraq_Ethnic_shp copy.prj,Iraq_Ethnic_shp copy.prj,prj,145,2026-05-04T16:32:10Z,data/raw/Iraq Ethnicity Complete
data/raw/Iraq Ethnicity Complete/Iraq_Ethnic_shp.prj,Iraq_Ethnic_shp.prj,prj,145,2026-05-04T16:32:10Z,data/raw/Iraq Ethnicity Complete
data/raw/iraq_ethnicity_unzipped/Iraq Ethnicity/Iraq Ethnicity Complete/Iraq_Ethnic_shp.prj,Iraq_Ethnic_shp.prj,prj,145,2026-05-04T16:32:10Z,data/raw/iraq_ethnicity_unzipped/Iraq Ethnicity/Iraq Ethnicity Complete
data/raw/Iraq Ethnicity Complete/Iraq_ethnic_Complete_Intersect copy.prj,Iraq_ethnic_Complete_Intersect copy.prj,prj,401,2026-05-04T16:32:10Z,data/raw/Iraq Ethnicity Complete
data/raw/Iraq Ethnicity Complete/Iraq_ethnic_Complete_Intersect.prj,Iraq_ethnic_Complete_Intersect.prj,prj,401,2026-05-04T16:32:10Z,data/raw/Iraq Ethnicity Complete
data/raw/Iraq Ethnicity Population/Iraq_ethnic_Complete_Intersect.prj,Iraq_ethnic_Complete_Intersect.prj,prj,401,2026-05-04T16:34:31Z,data/raw/Iraq Ethnicity Population
data/raw/iraq_ethnicity_unzipped/Iraq Ethnicity/Iraq Ethnicity Complete/Iraq_ethnic_Complete_Intersect.prj,Iraq_ethnic_Complete_Intersect.prj,prj,401,2026-05-04T16:32:10Z,data/raw/iraq_ethnicity_unzipped/Iraq Ethnicity/Iraq Ethnicity Complete
data/raw/iraq_ethnicity_unzipped/Iraq Ethnicity/Iraq Ethnicity Population/Iraq_ethnic_Complete_Intersect.prj,Iraq_ethnic_Complete_Intersect.prj,prj,401,2026-05-04T16:34:31Z,data/raw/iraq_ethnicity_unzipped/Iraq Ethnicity/Iraq Ethnicity Population
data/raw/Iraq Ethnicity Complete/Iraq_ethnic_UTM copy.prj,Iraq_ethnic_UTM copy.prj,prj,401,2026-05-04T16:32:10Z,data/raw/Iraq Ethnicity Complete
data/raw/Iraq Ethnicity Complete/Iraq_ethnic_UTM.prj,Iraq_ethnic_UTM.prj,prj,401,2026-05-04T16:32:10Z,data/raw/Iraq Ethnicity Complete
data/raw/Iraq Ethnicity Only/Iraq_ethnic_UTM.prj,Iraq_ethnic_UTM.prj,prj,401,2026-05-04T16:34:13Z,data/raw/Iraq Ethnicity Only
data/raw/iraq_ethnicity_unzipped/Iraq Ethnicity/Iraq Ethnicity Complete/Iraq_ethnic_UTM.prj,Iraq_ethnic_UTM.prj,prj,401,2026-05-04T16:32:10Z,data/raw/iraq_ethnicity_unzipped/Iraq Ethnicity/Iraq Ethnicity Complete
data/raw/iraq_ethnicity_unzipped/Iraq Ethnicity/Iraq Ethnicity Only/Iraq_ethnic_UTM.prj,Iraq_ethnic_UTM.prj,prj,401,2026-05-04T16:34:13Z,data/raw/iraq_ethnicity_unzipped/Iraq Ethnicity/Iraq Ethnicity Only
data/raw/district_intersect.prj,district_intersect.prj,prj,145,2026-05-04T16:32:10Z,data/raw
data/raw/Iraq Ethnicity Complete/7-baghdad_coded copy/district_intersect.prj,district_intersect.prj,prj,145,2026-05-04T16:32:10Z,data/raw/Iraq Ethnicity Complete/7-baghdad_coded copy
data/raw/Iraq Ethnicity Complete/7-baghdad_coded/district_intersect.prj,district_intersect.prj,prj,145,2026-05-04T16:32:10Z,data/raw/Iraq Ethnicity Complete/7-baghdad_coded
data/raw/iraq_ethnicity_unzipped/Iraq Ethnicity/Iraq Ethnicity Complete/7-baghdad_coded/district_intersect.prj,district_intersect.prj,prj,145,2026-05-04T16:32:10Z,data/raw/iraq_ethnicity_unzipped/Iraq Ethnicity/Iraq Ethnicity Complete/7-baghdad_coded
data/raw/district_intersect_Project.prj,district_intersect_Project.prj,prj,401,2026-05-04T16:32:10Z,data/raw
data/raw/Iraq Ethnicity Complete/7-baghdad_coded copy/district_intersect_Project.prj,district_intersect_Project.prj,prj,401,2026-05-04T16:32:10Z,data/raw/Iraq Ethnicity Complete/7-baghdad_coded copy
data/raw/Iraq Ethnicity Complete/7-baghdad_coded/district_intersect_Project.prj,district_intersect_Project.prj,prj,401,2026-05-04T16:32:10Z,data/raw/Iraq Ethnicity Complete/7-baghdad_coded
data/raw/iraq_ethnicity_unzipped/Iraq Ethnicity/Iraq Ethnicity Complete/7-baghdad_coded/district_intersect_Project.prj,district_intersect_Project.prj,prj,401,2026-05-04T16:32:10Z,data/raw/iraq_ethnicity_unzipped/Iraq Ethnicity/Iraq Ethnicity Complete/7-baghdad_coded
data/raw/Iraq Ethnicity Complete/iraq_districts_06162010 copy.prj,iraq_districts_06162010 copy.prj,prj,401,2026-05-04T16:32:09Z,data/raw/Iraq Ethnicity Complete
data/raw/Iraq Ethnicity Complete/iraq_districts_06162010.prj,iraq_districts_06162010.prj,prj,401,2026-05-04T16:32:09Z,data/raw/Iraq Ethnicity Complete
data/raw/iraq_ethnicity_unzipped/Iraq Ethnicity/Iraq Ethnicity Complete/iraq_districts_06162010.prj,iraq_districts_06162010.prj,prj,401,2026-05-04T16:32:09Z,data/raw/iraq_ethnicity_unzipped/Iraq Ethnicity/Iraq Ethnicity Complete
data/raw/Iraq Ethnicity Complete/7-baghdad_coded copy/urban_baghdad.prj,urban_baghdad.prj,prj,145,2026-05-04T16:32:10Z,data/raw/Iraq Ethnicity Complete/7-baghdad_coded copy
data/raw/Iraq Ethnicity Complete/7-baghdad_coded/urban_baghdad.prj,urban_baghdad.prj,prj,145,2026-05-04T16:32:10Z,data/raw/Iraq Ethnicity Complete/7-baghdad_coded
data/raw/iraq_ethnicity_unzipped/Iraq Ethnicity/Iraq Ethnicity Complete/7-baghdad_coded/urban_baghdad.prj,urban_baghdad.prj,prj,145,2026-05-04T16:32:10Z,data/raw/iraq_ethnicity_unzipped/Iraq Ethnicity/Iraq Ethnicity Complete/7-baghdad_coded
data/raw/urban_baghdad.prj,urban_baghdad.prj,prj,145,2026-05-04T16:32:10Z,data/raw
data/raw/master-gdc-gdcdatasets-2024595019_2008-2024595019_2008/lsglobal_2008.ris,lsglobal_2008.ris,ris,1626,2026-05-08T01:54:36Z,data/raw/master-gdc-gdcdatasets-2024595019_2008-2024595019_2008
data/raw/Iraq Ethnicity Complete/Iraq_Ethnic_shp copy.sbn,Iraq_Ethnic_shp copy.sbn,sbn,108,2026-05-04T16:32:10Z,data/raw/Iraq Ethnicity Complete
data/raw/Iraq Ethnicity Complete/Iraq_Ethnic_shp.sbn,Iraq_Ethnic_shp.sbn,sbn,108,2026-05-04T16:32:10Z,data/raw/Iraq Ethnicity Complete
data/raw/iraq_ethnicity_unzipped/Iraq Ethnicity/Iraq Ethnicity Complete/Iraq_Ethnic_shp.sbn,Iraq_Ethnic_shp.sbn,sbn,108,2026-05-04T16:32:10Z,data/raw/iraq_ethnicity_unzipped/Iraq Ethnicity/Iraq Ethnicity Complete
data/raw/Iraq Ethnicity Complete/Iraq_ethnic_Complete_Intersect copy.sbn,Iraq_ethnic_Complete_Intersect copy.sbn,sbn,3124,2026-05-04T16:32:10Z,data/raw/Iraq Ethnicity Complete
data/raw/Iraq Ethnicity Complete/Iraq_ethnic_Complete_Intersect.sbn,Iraq_ethnic_Complete_Intersect.sbn,sbn,3124,2026-05-04T16:32:10Z,data/raw/Iraq Ethnicity Complete
data/raw/Iraq Ethnicity Population/Iraq_ethnic_Complete_Intersect.sbn,Iraq_ethnic_Complete_Intersect.sbn,sbn,3116,2026-05-04T16:34:31Z,data/raw/Iraq Ethnicity Population
data/raw/iraq_ethnicity_unzipped/Iraq Ethnicity/Iraq Ethnicity Complete/Iraq_ethnic_Complete_Intersect.sbn,Iraq_ethnic_Complete_Intersect.sbn,sbn,3124,2026-05-04T16:32:10Z,data/raw/iraq_ethnicity_unzipped/Iraq Ethnicity/Iraq Ethnicity Complete
data/raw/iraq_ethnicity_unzipped/Iraq Ethnicity/Iraq Ethnicity Population/Iraq_ethnic_Complete_Intersect.sbn,Iraq_ethnic_Complete_Intersect.sbn,sbn,3116,2026-05-04T16:34:31Z,data/raw/iraq_ethnicity_unzipped/Iraq Ethnicity/Iraq Ethnicity Population
data/raw/Iraq Ethnicity Complete/Iraq_ethnic_UTM copy.sbn,Iraq_ethnic_UTM copy.sbn,sbn,1404,2026-05-04T16:32:10Z,data/raw/Iraq Ethnicity Complete
data/raw/Iraq Ethnicity Complete/Iraq_ethnic_UTM.sbn,Iraq_ethnic_UTM.sbn,sbn,1404,2026-05-04T16:32:10Z,data/raw/Iraq Ethnicity Complete
data/raw/Iraq Ethnicity Only/Iraq_ethnic_UTM.sbn,Iraq_ethnic_UTM.sbn,sbn,1404,2026-05-04T16:34:13Z,data/raw/Iraq Ethnicity Only
data/raw/iraq_ethnicity_unzipped/Iraq Ethnicity/Iraq Ethnicity Complete/Iraq_ethnic_UTM.sbn,Iraq_ethnic_UTM.sbn,sbn,1404,2026-05-04T16:32:10Z,data/raw/iraq_ethnicity_unzipped/Iraq Ethnicity/Iraq Ethnicity Complete
data/raw/iraq_ethnicity_unzipped/Iraq Ethnicity/Iraq Ethnicity Only/Iraq_ethnic_UTM.sbn,Iraq_ethnic_UTM.sbn,sbn,1404,2026-05-04T16:34:13Z,data/raw/iraq_ethnicity_unzipped/Iraq Ethnicity/Iraq Ethnicity Only
data/raw/district_intersect.sbn,district_intersect.sbn,sbn,420,2026-05-04T16:32:10Z,data/raw
data/raw/Iraq Ethnicity Complete/7-baghdad_coded copy/district_intersect.sbn,district_intersect.sbn,sbn,420,2026-05-04T16:32:10Z,data/raw/Iraq Ethnicity Complete/7-baghdad_coded copy
data/raw/Iraq Ethnicity Complete/7-baghdad_coded/district_intersect.sbn,district_intersect.sbn,sbn,420,2026-05-04T16:32:10Z,data/raw/Iraq Ethnicity Complete/7-baghdad_coded
data/raw/iraq_ethnicity_unzipped/Iraq Ethnicity/Iraq Ethnicity Complete/7-baghdad_coded/district_intersect.sbn,district_intersect.sbn,sbn,420,2026-05-04T16:32:10Z,data/raw/iraq_ethnicity_unzipped/Iraq Ethnicity/Iraq Ethnicity Complete/7-baghdad_coded
data/raw/district_intersect_Project.sbn,district_intersect_Project.sbn,sbn,420,2026-05-04T16:32:10Z,data/raw
data/raw/Iraq Ethnicity Complete/7-baghdad_coded copy/district_intersect_Project.sbn,district_intersect_Project.sbn,sbn,420,2026-05-04T16:32:10Z,data/raw/Iraq Ethnicity Complete/7-baghdad_coded copy
data/raw/Iraq Ethnicity Complete/7-baghdad_coded/district_intersect_Project.sbn,district_intersect_Project.sbn,sbn,420,2026-05-04T16:32:10Z,data/raw/Iraq Ethnicity Complete/7-baghdad_coded
data/raw/iraq_ethnicity_unzipped/Iraq Ethnicity/Iraq Ethnicity Complete/7-baghdad_coded/district_intersect_Project.sbn,district_intersect_Project.sbn,sbn,420,2026-05-04T16:32:10Z,data/raw/iraq_ethnicity_unzipped/Iraq Ethnicity/Iraq Ethnicity Complete/7-baghdad_coded
data/raw/Iraq Ethnicity Complete/iraq_districts_06162010 copy.sbn,iraq_districts_06162010 copy.sbn,sbn,1124,2026-05-04T16:32:09Z,data/raw/Iraq Ethnicity Complete
data/raw/Iraq Ethnicity Complete/iraq_districts_06162010.sbn,iraq_districts_06162010.sbn,sbn,1124,2026-05-04T16:32:09Z,data/raw/Iraq Ethnicity Complete
data/raw/iraq_ethnicity_unzipped/Iraq Ethnicity/Iraq Ethnicity Complete/iraq_districts_06162010.sbn,iraq_districts_06162010.sbn,sbn,1124,2026-05-04T16:32:09Z,data/raw/iraq_ethnicity_unzipped/Iraq Ethnicity/Iraq Ethnicity Complete
data/raw/Iraq Ethnicity Complete/7-baghdad_coded copy/urban_baghdad.sbn,urban_baghdad.sbn,sbn,324,2026-05-04T16:32:10Z,data/raw/Iraq Ethnicity Complete/7-baghdad_coded copy
data/raw/Iraq Ethnicity Complete/7-baghdad_coded/urban_baghdad.sbn,urban_baghdad.sbn,sbn,324,2026-05-04T16:32:10Z,data/raw/Iraq Ethnicity Complete/7-baghdad_coded
data/raw/iraq_ethnicity_unzipped/Iraq Ethnicity/Iraq Ethnicity Complete/7-baghdad_coded/urban_baghdad.sbn,urban_baghdad.sbn,sbn,324,2026-05-04T16:32:10Z,data/raw/iraq_ethnicity_unzipped/Iraq Ethnicity/Iraq Ethnicity Complete/7-baghdad_coded
data/raw/urban_baghdad.sbn,urban_baghdad.sbn,sbn,324,2026-05-04T16:32:10Z,data/raw
data/raw/Iraq Ethnicity Complete/Iraq_Ethnic_shp copy.sbx,Iraq_Ethnic_shp copy.sbx,sbx,108,2026-05-04T16:32:10Z,data/raw/Iraq Ethnicity Complete
data/raw/Iraq Ethnicity Complete/Iraq_Ethnic_shp.sbx,Iraq_Ethnic_shp.sbx,sbx,108,2026-05-04T16:32:10Z,data/raw/Iraq Ethnicity Complete
data/raw/iraq_ethnicity_unzipped/Iraq Ethnicity/Iraq Ethnicity Complete/Iraq_Ethnic_shp.sbx,Iraq_Ethnic_shp.sbx,sbx,108,2026-05-04T16:32:10Z,data/raw/iraq_ethnicity_unzipped/Iraq Ethnicity/Iraq Ethnicity Complete
data/raw/Iraq Ethnicity Complete/Iraq_ethnic_Complete_Intersect copy.sbx,Iraq_ethnic_Complete_Intersect copy.sbx,sbx,332,2026-05-04T16:32:10Z,data/raw/Iraq Ethnicity Complete
data/raw/Iraq Ethnicity Complete/Iraq_ethnic_Complete_Intersect.sbx,Iraq_ethnic_Complete_Intersect.sbx,sbx,332,2026-05-04T16:32:10Z,data/raw/Iraq Ethnicity Complete
data/raw/Iraq Ethnicity Population/Iraq_ethnic_Complete_Intersect.sbx,Iraq_ethnic_Complete_Intersect.sbx,sbx,332,2026-05-04T16:34:31Z,data/raw/Iraq Ethnicity Population
data/raw/iraq_ethnicity_unzipped/Iraq Ethnicity/Iraq Ethnicity Complete/Iraq_ethnic_Complete_Intersect.sbx,Iraq_ethnic_Complete_Intersect.sbx,sbx,332,2026-05-04T16:32:10Z,data/raw/iraq_ethnicity_unzipped/Iraq Ethnicity/Iraq Ethnicity Complete
data/raw/iraq_ethnicity_unzipped/Iraq Ethnicity/Iraq Ethnicity Population/Iraq_ethnic_Complete_Intersect.sbx,Iraq_ethnic_Complete_Intersect.sbx,sbx,332,2026-05-04T16:34:31Z,data/raw/iraq_ethnicity_unzipped/Iraq Ethnicity/Iraq Ethnicity Population
data/raw/Iraq Ethnicity Complete/Iraq_ethnic_UTM copy.sbx,Iraq_ethnic_UTM copy.sbx,sbx,180,2026-05-04T16:32:10Z,data/raw/Iraq Ethnicity Complete
data/raw/Iraq Ethnicity Complete/Iraq_ethnic_UTM.sbx,Iraq_ethnic_UTM.sbx,sbx,180,2026-05-04T16:32:10Z,data/raw/Iraq Ethnicity Complete
data/raw/Iraq Ethnicity Only/Iraq_ethnic_UTM.sbx,Iraq_ethnic_UTM.sbx,sbx,180,2026-05-04T16:34:13Z,data/raw/Iraq Ethnicity Only
data/raw/iraq_ethnicity_unzipped/Iraq Ethnicity/Iraq Ethnicity Complete/Iraq_ethnic_UTM.sbx,Iraq_ethnic_UTM.sbx,sbx,180,2026-05-04T16:32:10Z,data/raw/iraq_ethnicity_unzipped/Iraq Ethnicity/Iraq Ethnicity Complete
data/raw/iraq_ethnicity_unzipped/Iraq Ethnicity/Iraq Ethnicity Only/Iraq_ethnic_UTM.sbx,Iraq_ethnic_UTM.sbx,sbx,180,2026-05-04T16:34:13Z,data/raw/iraq_ethnicity_unzipped/Iraq Ethnicity/Iraq Ethnicity Only
data/raw/district_intersect.sbx,district_intersect.sbx,sbx,148,2026-05-04T16:32:10Z,data/raw
data/raw/Iraq Ethnicity Complete/7-baghdad_coded copy/district_intersect.sbx,district_intersect.sbx,sbx,148,2026-05-04T16:32:10Z,data/raw/Iraq Ethnicity Complete/7-baghdad_coded copy
data/raw/Iraq Ethnicity Complete/7-baghdad_coded/district_intersect.sbx,district_intersect.sbx,sbx,148,2026-05-04T16:32:10Z,data/raw/Iraq Ethnicity Complete/7-baghdad_coded
data/raw/iraq_ethnicity_unzipped/Iraq Ethnicity/Iraq Ethnicity Complete/7-baghdad_coded/district_intersect.sbx,district_intersect.sbx,sbx,148,2026-05-04T16:32:10Z,data/raw/iraq_ethnicity_unzipped/Iraq Ethnicity/Iraq Ethnicity Complete/7-baghdad_coded
data/raw/district_intersect_Project.sbx,district_intersect_Project.sbx,sbx,148,2026-05-04T16:32:10Z,data/raw
data/raw/Iraq Ethnicity Complete/7-baghdad_coded copy/district_intersect_Project.sbx,district_intersect_Project.sbx,sbx,148,2026-05-04T16:32:10Z,data/raw/Iraq Ethnicity Complete/7-baghdad_coded copy
data/raw/Iraq Ethnicity Complete/7-baghdad_coded/district_intersect_Project.sbx,district_intersect_Project.sbx,sbx,148,2026-05-04T16:32:10Z,data/raw/Iraq Ethnicity Complete/7-baghdad_coded
data/raw/iraq_ethnicity_unzipped/Iraq Ethnicity/Iraq Ethnicity Complete/7-baghdad_coded/district_intersect_Project.sbx,district_intersect_Project.sbx,sbx,148,2026-05-04T16:32:10Z,data/raw/iraq_ethnicity_unzipped/Iraq Ethnicity/Iraq Ethnicity Complete/7-baghdad_coded
data/raw/Iraq Ethnicity Complete/iraq_districts_06162010 copy.sbx,iraq_districts_06162010 copy.sbx,sbx,196,2026-05-04T16:32:10Z,data/raw/Iraq Ethnicity Complete
data/raw/Iraq Ethnicity Complete/iraq_districts_06162010.sbx,iraq_districts_06162010.sbx,sbx,196,2026-05-04T16:32:10Z,data/raw/Iraq Ethnicity Complete
data/raw/iraq_ethnicity_unzipped/Iraq Ethnicity/Iraq Ethnicity Complete/iraq_districts_06162010.sbx,iraq_districts_06162010.sbx,sbx,196,2026-05-04T16:32:10Z,data/raw/iraq_ethnicity_unzipped/Iraq Ethnicity/Iraq Ethnicity Complete
data/raw/Iraq Ethnicity Complete/7-baghdad_coded copy/urban_baghdad.sbx,urban_baghdad.sbx,sbx,132,2026-05-04T16:32:10Z,data/raw/Iraq Ethnicity Complete/7-baghdad_coded copy
data/raw/Iraq Ethnicity Complete/7-baghdad_coded/urban_baghdad.sbx,urban_baghdad.sbx,sbx,132,2026-05-04T16:32:10Z,data/raw/Iraq Ethnicity Complete/7-baghdad_coded
data/raw/iraq_ethnicity_unzipped/Iraq Ethnicity/Iraq Ethnicity Complete/7-baghdad_coded/urban_baghdad.sbx,urban_baghdad.sbx,sbx,132,2026-05-04T16:32:10Z,data/raw/iraq_ethnicity_unzipped/Iraq Ethnicity/Iraq Ethnicity Complete/7-baghdad_coded
data/raw/urban_baghdad.sbx,urban_baghdad.sbx,sbx,132,2026-05-04T16:32:10Z,data/raw
data/raw/Iraq Ethnicity Complete/IraqEthnicity copy.shp,IraqEthnicity copy.shp,shp,100,2026-05-04T16:32:10Z,data/raw/Iraq Ethnicity Complete
data/raw/Iraq Ethnicity Complete/IraqEthnicity.shp,IraqEthnicity.shp,shp,100,2026-05-04T16:32:10Z,data/raw/Iraq Ethnicity Complete
data/raw/iraq_ethnicity_unzipped/Iraq Ethnicity/Iraq Ethnicity Complete/IraqEthnicity.shp,IraqEthnicity.shp,shp,100,2026-05-04T16:32:10Z,data/raw/iraq_ethnicity_unzipped/Iraq Ethnicity/Iraq Ethnicity Complete
data/raw/Iraq Ethnicity Complete/Iraq_Ethnic_shp copy.shp,Iraq_Ethnic_shp copy.shp,shp,100,2026-05-04T16:32:10Z,data/raw/Iraq Ethnicity Complete
data/raw/Iraq Ethnicity Complete/Iraq_Ethnic_shp.shp,Iraq_Ethnic_shp.shp,shp,100,2026-05-04T16:32:10Z,data/raw/Iraq Ethnicity Complete
data/raw/iraq_ethnicity_unzipped/Iraq Ethnicity/Iraq Ethnicity Complete/Iraq_Ethnic_shp.shp,Iraq_Ethnic_shp.shp,shp,100,2026-05-04T16:32:10Z,data/raw/iraq_ethnicity_unzipped/Iraq Ethnicity/Iraq Ethnicity Complete
data/raw/Iraq Ethnicity Complete/Iraq_ethnic_Complete_Intersect copy.shp,Iraq_ethnic_Complete_Intersect copy.shp,shp,1022980,2026-05-04T16:32:10Z,data/raw/Iraq Ethnicity Complete
data/raw/Iraq Ethnicity Complete/Iraq_ethnic_Complete_Intersect.shp,Iraq_ethnic_Complete_Intersect.shp,shp,1022980,2026-05-04T16:32:10Z,data/raw/Iraq Ethnicity Complete
data/raw/Iraq Ethnicity Population/Iraq_ethnic_Complete_Intersect.shp,Iraq_ethnic_Complete_Intersect.shp,shp,1022620,2026-05-04T16:34:31Z,data/raw/Iraq Ethnicity Population
data/raw/iraq_ethnicity_unzipped/Iraq Ethnicity/Iraq Ethnicity Complete/Iraq_ethnic_Complete_Intersect.shp,Iraq_ethnic_Complete_Intersect.shp,shp,1022980,2026-05-04T16:32:10Z,data/raw/iraq_ethnicity_unzipped/Iraq Ethnicity/Iraq Ethnicity Complete
data/raw/iraq_ethnicity_unzipped/Iraq Ethnicity/Iraq Ethnicity Population/Iraq_ethnic_Complete_Intersect.shp,Iraq_ethnic_Complete_Intersect.shp,shp,1022620,2026-05-04T16:34:31Z,data/raw/iraq_ethnicity_unzipped/Iraq Ethnicity/Iraq Ethnicity Population
data/raw/Iraq Ethnicity Complete/Iraq_ethnic_UTM copy.shp,Iraq_ethnic_UTM copy.shp,shp,551688,2026-05-04T16:32:10Z,data/raw/Iraq Ethnicity Complete
data/raw/Iraq Ethnicity Complete/Iraq_ethnic_UTM.shp,Iraq_ethnic_UTM.shp,shp,551688,2026-05-04T16:32:10Z,data/raw/Iraq Ethnicity Complete
data/raw/Iraq Ethnicity Only/Iraq_ethnic_UTM.shp,Iraq_ethnic_UTM.shp,shp,551688,2026-05-04T16:34:13Z,data/raw/Iraq Ethnicity Only
data/raw/iraq_ethnicity_unzipped/Iraq Ethnicity/Iraq Ethnicity Complete/Iraq_ethnic_UTM.shp,Iraq_ethnic_UTM.shp,shp,551688,2026-05-04T16:32:10Z,data/raw/iraq_ethnicity_unzipped/Iraq Ethnicity/Iraq Ethnicity Complete
data/raw/iraq_ethnicity_unzipped/Iraq Ethnicity/Iraq Ethnicity Only/Iraq_ethnic_UTM.shp,Iraq_ethnic_UTM.shp,shp,551688,2026-05-04T16:34:13Z,data/raw/iraq_ethnicity_unzipped/Iraq Ethnicity/Iraq Ethnicity Only
data/raw/district_intersect.shp,district_intersect.shp,shp,18492,2026-05-04T16:32:10Z,data/raw
data/raw/Iraq Ethnicity Complete/7-baghdad_coded copy/district_intersect.shp,district_intersect.shp,shp,18492,2026-05-04T16:32:10Z,data/raw/Iraq Ethnicity Complete/7-baghdad_coded copy
data/raw/Iraq Ethnicity Complete/7-baghdad_coded/district_intersect.shp,district_intersect.shp,shp,18492,2026-05-04T16:32:10Z,data/raw/Iraq Ethnicity Complete/7-baghdad_coded
data/raw/iraq_ethnicity_unzipped/Iraq Ethnicity/Iraq Ethnicity Complete/7-baghdad_coded/district_intersect.shp,district_intersect.shp,shp,18492,2026-05-04T16:32:10Z,data/raw/iraq_ethnicity_unzipped/Iraq Ethnicity/Iraq Ethnicity Complete/7-baghdad_coded
data/raw/district_intersect_Project.shp,district_intersect_Project.shp,shp,18492,2026-05-04T16:32:10Z,data/raw
data/raw/Iraq Ethnicity Complete/7-baghdad_coded copy/district_intersect_Project.shp,district_intersect_Project.shp,shp,18492,2026-05-04T16:32:10Z,data/raw/Iraq Ethnicity Complete/7-baghdad_coded copy
data/raw/Iraq Ethnicity Complete/7-baghdad_coded/district_intersect_Project.shp,district_intersect_Project.shp,shp,18492,2026-05-04T16:32:10Z,data/raw/Iraq Ethnicity Complete/7-baghdad_coded
data/raw/iraq_ethnicity_unzipped/Iraq Ethnicity/Iraq Ethnicity Complete/7-baghdad_coded/district_intersect_Project.shp,district_intersect_Project.shp,shp,18492,2026-05-04T16:32:10Z,data/raw/iraq_ethnicity_unzipped/Iraq Ethnicity/Iraq Ethnicity Complete/7-baghdad_coded
data/raw/Iraq Ethnicity Complete/iraq_districts_06162010 copy.shp,iraq_districts_06162010 copy.shp,shp,733572,2026-05-04T16:32:10Z,data/raw/Iraq Ethnicity Complete
data/raw/Iraq Ethnicity Complete/iraq_districts_06162010.shp,iraq_districts_06162010.shp,shp,733572,2026-05-04T16:32:10Z,data/raw/Iraq Ethnicity Complete
data/raw/iraq_ethnicity_unzipped/Iraq Ethnicity/Iraq Ethnicity Complete/iraq_districts_06162010.shp,iraq_districts_06162010.shp,shp,733572,2026-05-04T16:32:10Z,data/raw/iraq_ethnicity_unzipped/Iraq Ethnicity/Iraq Ethnicity Complete
data/raw/Iraq Ethnicity Complete/7-baghdad_coded copy/urban_baghdad.shp,urban_baghdad.shp,shp,13280,2026-05-04T16:32:10Z,data/raw/Iraq Ethnicity Complete/7-baghdad_coded copy
data/raw/Iraq Ethnicity Complete/7-baghdad_coded/urban_baghdad.shp,urban_baghdad.shp,shp,13280,2026-05-04T16:32:10Z,data/raw/Iraq Ethnicity Complete/7-baghdad_coded
data/raw/iraq_ethnicity_unzipped/Iraq Ethnicity/Iraq Ethnicity Complete/7-baghdad_coded/urban_baghdad.shp,urban_baghdad.shp,shp,13280,2026-05-04T16:32:10Z,data/raw/iraq_ethnicity_unzipped/Iraq Ethnicity/Iraq Ethnicity Complete/7-baghdad_coded
data/raw/urban_baghdad.shp,urban_baghdad.shp,shp,13280,2026-05-04T16:32:10Z,data/raw
data/raw/Iraq Ethnicity Complete/IraqEthnicity copy.shx,IraqEthnicity copy.shx,shx,100,2026-05-04T16:32:10Z,data/raw/Iraq Ethnicity Complete
data/raw/Iraq Ethnicity Complete/IraqEthnicity.shx,IraqEthnicity.shx,shx,100,2026-05-04T16:32:10Z,data/raw/Iraq Ethnicity Complete
data/raw/iraq_ethnicity_unzipped/Iraq Ethnicity/Iraq Ethnicity Complete/IraqEthnicity.shx,IraqEthnicity.shx,shx,100,2026-05-04T16:32:10Z,data/raw/iraq_ethnicity_unzipped/Iraq Ethnicity/Iraq Ethnicity Complete
data/raw/Iraq Ethnicity Complete/Iraq_Ethnic_shp copy.shx,Iraq_Ethnic_shp copy.shx,shx,100,2026-05-04T16:32:10Z,data/raw/Iraq Ethnicity Complete
data/raw/Iraq Ethnicity Complete/Iraq_Ethnic_shp.shx,Iraq_Ethnic_shp.shx,shx,100,2026-05-04T16:32:10Z,data/raw/Iraq Ethnicity Complete
data/raw/iraq_ethnicity_unzipped/Iraq Ethnicity/Iraq Ethnicity Complete/Iraq_Ethnic_shp.shx,Iraq_Ethnic_shp.shx,shx,100,2026-05-04T16:32:10Z,data/raw/iraq_ethnicity_unzipped/Iraq Ethnicity/Iraq Ethnicity Complete
data/raw/Iraq Ethnicity Complete/Iraq_ethnic_Complete_Intersect copy.shx,Iraq_ethnic_Complete_Intersect copy.shx,shx,2500,2026-05-04T16:32:10Z,data/raw/Iraq Ethnicity Complete
data/raw/Iraq Ethnicity Complete/Iraq_ethnic_Complete_Intersect.shx,Iraq_ethnic_Complete_Intersect.shx,shx,2500,2026-05-04T16:32:10Z,data/raw/Iraq Ethnicity Complete
data/raw/Iraq Ethnicity Population/Iraq_ethnic_Complete_Intersect.shx,Iraq_ethnic_Complete_Intersect.shx,shx,2492,2026-05-04T16:34:31Z,data/raw/Iraq Ethnicity Population
data/raw/iraq_ethnicity_unzipped/Iraq Ethnicity/Iraq Ethnicity Complete/Iraq_ethnic_Complete_Intersect.shx,Iraq_ethnic_Complete_Intersect.shx,shx,2500,2026-05-04T16:32:10Z,data/raw/iraq_ethnicity_unzipped/Iraq Ethnicity/Iraq Ethnicity Complete
data/raw/iraq_ethnicity_unzipped/Iraq Ethnicity/Iraq Ethnicity Population/Iraq_ethnic_Complete_Intersect.shx,Iraq_ethnic_Complete_Intersect.shx,shx,2492,2026-05-04T16:34:31Z,data/raw/iraq_ethnicity_unzipped/Iraq Ethnicity/Iraq Ethnicity Population
data/raw/Iraq Ethnicity Complete/Iraq_ethnic_UTM copy.shx,Iraq_ethnic_UTM copy.shx,shx,1124,2026-05-04T16:32:10Z,data/raw/Iraq Ethnicity Complete
data/raw/Iraq Ethnicity Complete/Iraq_ethnic_UTM.shx,Iraq_ethnic_UTM.shx,shx,1124,2026-05-04T16:32:10Z,data/raw/Iraq Ethnicity Complete
data/raw/Iraq Ethnicity Only/Iraq_ethnic_UTM.shx,Iraq_ethnic_UTM.shx,shx,1124,2026-05-04T16:34:13Z,data/raw/Iraq Ethnicity Only
data/raw/iraq_ethnicity_unzipped/Iraq Ethnicity/Iraq Ethnicity Complete/Iraq_ethnic_UTM.shx,Iraq_ethnic_UTM.shx,shx,1124,2026-05-04T16:32:10Z,data/raw/iraq_ethnicity_unzipped/Iraq Ethnicity/Iraq Ethnicity Complete
data/raw/iraq_ethnicity_unzipped/Iraq Ethnicity/Iraq Ethnicity Only/Iraq_ethnic_UTM.shx,Iraq_ethnic_UTM.shx,shx,1124,2026-05-04T16:34:13Z,data/raw/iraq_ethnicity_unzipped/Iraq Ethnicity/Iraq Ethnicity Only
data/raw/district_intersect.shx,district_intersect.shx,shx,316,2026-05-04T16:32:10Z,data/raw
data/raw/Iraq Ethnicity Complete/7-baghdad_coded copy/district_intersect.shx,district_intersect.shx,shx,316,2026-05-04T16:32:10Z,data/raw/Iraq Ethnicity Complete/7-baghdad_coded copy
data/raw/Iraq Ethnicity Complete/7-baghdad_coded/district_intersect.shx,district_intersect.shx,shx,316,2026-05-04T16:32:10Z,data/raw/Iraq Ethnicity Complete/7-baghdad_coded
data/raw/iraq_ethnicity_unzipped/Iraq Ethnicity/Iraq Ethnicity Complete/7-baghdad_coded/district_intersect.shx,district_intersect.shx,shx,316,2026-05-04T16:32:10Z,data/raw/iraq_ethnicity_unzipped/Iraq Ethnicity/Iraq Ethnicity Complete/7-baghdad_coded
data/raw/district_intersect_Project.shx,district_intersect_Project.shx,shx,316,2026-05-04T16:32:10Z,data/raw
data/raw/Iraq Ethnicity Complete/7-baghdad_coded copy/district_intersect_Project.shx,district_intersect_Project.shx,shx,316,2026-05-04T16:32:10Z,data/raw/Iraq Ethnicity Complete/7-baghdad_coded copy
data/raw/Iraq Ethnicity Complete/7-baghdad_coded/district_intersect_Project.shx,district_intersect_Project.shx,shx,316,2026-05-04T16:32:10Z,data/raw/Iraq Ethnicity Complete/7-baghdad_coded
data/raw/iraq_ethnicity_unzipped/Iraq Ethnicity/Iraq Ethnicity Complete/7-baghdad_coded/district_intersect_Project.shx,district_intersect_Project.shx,shx,316,2026-05-04T16:32:10Z,data/raw/iraq_ethnicity_unzipped/Iraq Ethnicity/Iraq Ethnicity Complete/7-baghdad_coded
data/raw/Iraq Ethnicity Complete/iraq_districts_06162010 copy.shx,iraq_districts_06162010 copy.shx,shx,932,2026-05-04T16:32:10Z,data/raw/Iraq Ethnicity Complete
data/raw/Iraq Ethnicity Complete/iraq_districts_06162010.shx,iraq_districts_06162010.shx,shx,932,2026-05-04T16:32:10Z,data/raw/Iraq Ethnicity Complete
data/raw/iraq_ethnicity_unzipped/Iraq Ethnicity/Iraq Ethnicity Complete/iraq_districts_06162010.shx,iraq_districts_06162010.shx,shx,932,2026-05-04T16:32:10Z,data/raw/iraq_ethnicity_unzipped/Iraq Ethnicity/Iraq Ethnicity Complete
data/raw/Iraq Ethnicity Complete/7-baghdad_coded copy/urban_baghdad.shx,urban_baghdad.shx,shx,268,2026-05-04T16:32:10Z,data/raw/Iraq Ethnicity Complete/7-baghdad_coded copy
data/raw/Iraq Ethnicity Complete/7-baghdad_coded/urban_baghdad.shx,urban_baghdad.shx,shx,268,2026-05-04T16:32:10Z,data/raw/Iraq Ethnicity Complete/7-baghdad_coded
data/raw/iraq_ethnicity_unzipped/Iraq Ethnicity/Iraq Ethnicity Complete/7-baghdad_coded/urban_baghdad.shx,urban_baghdad.shx,shx,268,2026-05-04T16:32:10Z,data/raw/iraq_ethnicity_unzipped/Iraq Ethnicity/Iraq Ethnicity Complete/7-baghdad_coded
data/raw/urban_baghdad.shx,urban_baghdad.shx,shx,268,2026-05-04T16:32:10Z,data/raw
data/raw/Iraq Ethnicity Complete/Central_Iraq_Ethnic_lg1 copy.tfw,Central_Iraq_Ethnic_lg1 copy.tfw,tfw,94,2026-05-04T16:32:09Z,data/raw/Iraq Ethnicity Complete
data/raw/Iraq Ethnicity Complete/Central_Iraq_Ethnic_lg1.tfw,Central_Iraq_Ethnic_lg1.tfw,tfw,94,2026-05-04T16:32:09Z,data/raw/Iraq Ethnicity Complete
data/raw/iraq_ethnicity_unzipped/Iraq Ethnicity/Iraq Ethnicity Complete/Central_Iraq_Ethnic_lg1.tfw,Central_Iraq_Ethnic_lg1.tfw,tfw,94,2026-05-04T16:32:09Z,data/raw/iraq_ethnicity_unzipped/Iraq Ethnicity/Iraq Ethnicity Complete
data/raw/Iraq Ethnicity Complete/Iraq_Ethnic_lg1 copy.tfw,Iraq_Ethnic_lg1 copy.tfw,tfw,95,2026-05-04T16:32:10Z,data/raw/Iraq Ethnicity Complete
data/raw/Iraq Ethnicity Complete/Iraq_Ethnic_lg1.tfw,Iraq_Ethnic_lg1.tfw,tfw,95,2026-05-04T16:32:10Z,data/raw/Iraq Ethnicity Complete
data/raw/iraq_ethnicity_unzipped/Iraq Ethnicity/Iraq Ethnicity Complete/Iraq_Ethnic_lg1.tfw,Iraq_Ethnic_lg1.tfw,tfw,95,2026-05-04T16:32:10Z,data/raw/iraq_ethnicity_unzipped/Iraq Ethnicity/Iraq Ethnicity Complete
data/raw/Iraq Ethnicity Complete/Iraq_Ethnic_tif copy.tfw,Iraq_Ethnic_tif copy.tfw,tfw,95,2026-05-04T16:32:10Z,data/raw/Iraq Ethnicity Complete
data/raw/Iraq Ethnicity Complete/Iraq_Ethnic_tif.tfw,Iraq_Ethnic_tif.tfw,tfw,95,2026-05-04T16:32:10Z,data/raw/Iraq Ethnicity Complete
data/raw/iraq_ethnicity_unzipped/Iraq Ethnicity/Iraq Ethnicity Complete/Iraq_Ethnic_tif.tfw,Iraq_Ethnic_tif.tfw,tfw,95,2026-05-04T16:32:10Z,data/raw/iraq_ethnicity_unzipped/Iraq Ethnicity/Iraq Ethnicity Complete
data/raw/Iraq Ethnicity Complete/Central_Iraq_Ethnic_lg1 copy.tif,Central_Iraq_Ethnic_lg1 copy.tif,tif,8311047,2026-05-04T16:32:09Z,data/raw/Iraq Ethnicity Complete
data/raw/Iraq Ethnicity Complete/Central_Iraq_Ethnic_lg1.tif,Central_Iraq_Ethnic_lg1.tif,tif,8311047,2026-05-04T16:32:09Z,data/raw/Iraq Ethnicity Complete
data/raw/iraq_ethnicity_unzipped/Iraq Ethnicity/Iraq Ethnicity Complete/Central_Iraq_Ethnic_lg1.tif,Central_Iraq_Ethnic_lg1.tif,tif,8311047,2026-05-04T16:32:09Z,data/raw/iraq_ethnicity_unzipped/Iraq Ethnicity/Iraq Ethnicity Complete
data/raw/Iraq Ethnicity Complete/Iraq_Ethnic_lg1 copy.tif,Iraq_Ethnic_lg1 copy.tif,tif,11803004,2026-05-04T16:32:10Z,data/raw/Iraq Ethnicity Complete
data/raw/Iraq Ethnicity Complete/Iraq_Ethnic_lg1.tif,Iraq_Ethnic_lg1.tif,tif,11803004,2026-05-04T16:32:10Z,data/raw/Iraq Ethnicity Complete
data/raw/iraq_ethnicity_unzipped/Iraq Ethnicity/Iraq Ethnicity Complete/Iraq_Ethnic_lg1.tif,Iraq_Ethnic_lg1.tif,tif,11803004,2026-05-04T16:32:10Z,data/raw/iraq_ethnicity_unzipped/Iraq Ethnicity/Iraq Ethnicity Complete
data/raw/Iraq Ethnicity Complete/Iraq_Ethnic_tif copy.tif,Iraq_Ethnic_tif copy.tif,tif,11803004,2026-05-04T16:32:10Z,data/raw/Iraq Ethnicity Complete
data/raw/Iraq Ethnicity Complete/Iraq_Ethnic_tif.tif,Iraq_Ethnic_tif.tif,tif,11803004,2026-05-04T16:32:10Z,data/raw/Iraq Ethnicity Complete
data/raw/iraq_ethnicity_unzipped/Iraq Ethnicity/Iraq Ethnicity Complete/Iraq_Ethnic_tif.tif,Iraq_Ethnic_tif.tif,tif,11803004,2026-05-04T16:32:10Z,data/raw/iraq_ethnicity_unzipped/Iraq Ethnicity/Iraq Ethnicity Complete
data/raw/LandScan_2008.tif,LandScan_2008.tif,tif,96749444,2026-05-08T01:54:36Z,data/raw
data/raw/master-gdc-gdcdatasets-2024595019_2008-2024595019_2008/landscan-global-2008-colorized.tif,landscan-global-2008-colorized.tif,tif,55415000,2026-05-08T01:54:36Z,data/raw/master-gdc-gdcdatasets-2024595019_2008-2024595019_2008
data/raw/master-gdc-gdcdatasets-2024595019_2008-2024595019_2008/readme_global_colorized.txt,readme_global_colorized.txt,txt,572,2026-05-08T01:54:36Z,data/raw/master-gdc-gdcdatasets-2024595019_2008-2024595019_2008
data/raw/Iraq Ethnicity Complete/Central_Iraq_Ethnic_lg.jpg.aux copy.xml,Central_Iraq_Ethnic_lg.jpg.aux copy.xml,xml,293,2026-05-04T16:32:09Z,data/raw/Iraq Ethnicity Complete
data/raw/Iraq Ethnicity Complete/Central_Iraq_Ethnic_lg.jpg.aux.xml,Central_Iraq_Ethnic_lg.jpg.aux.xml,xml,293,2026-05-04T16:32:09Z,data/raw/Iraq Ethnicity Complete
data/raw/iraq_ethnicity_unzipped/Iraq Ethnicity/Iraq Ethnicity Complete/Central_Iraq_Ethnic_lg.jpg.aux.xml,Central_Iraq_Ethnic_lg.jpg.aux.xml,xml,293,2026-05-04T16:32:09Z,data/raw/iraq_ethnicity_unzipped/Iraq Ethnicity/Iraq Ethnicity Complete
data/raw/Iraq Ethnicity Complete/Central_Iraq_Ethnic_lg1.tif.aux copy.xml,Central_Iraq_Ethnic_lg1.tif.aux copy.xml,xml,3332,2026-05-04T16:32:09Z,data/raw/Iraq Ethnicity Complete
data/raw/Iraq Ethnicity Complete/Central_Iraq_Ethnic_lg1.tif.aux.xml,Central_Iraq_Ethnic_lg1.tif.aux.xml,xml,3332,2026-05-04T16:32:09Z,data/raw/Iraq Ethnicity Complete
data/raw/iraq_ethnicity_unzipped/Iraq Ethnicity/Iraq Ethnicity Complete/Central_Iraq_Ethnic_lg1.tif.aux.xml,Central_Iraq_Ethnic_lg1.tif.aux.xml,xml,3332,2026-05-04T16:32:09Z,data/raw/iraq_ethnicity_unzipped/Iraq Ethnicity/Iraq Ethnicity Complete
data/raw/Iraq Ethnicity Complete/Iraq_Ethnic_lg.jpg.aux copy.xml,Iraq_Ethnic_lg.jpg.aux copy.xml,xml,1041,2026-05-04T16:32:10Z,data/raw/Iraq Ethnicity Complete
data/raw/Iraq Ethnicity Complete/Iraq_Ethnic_lg.jpg.aux.xml,Iraq_Ethnic_lg.jpg.aux.xml,xml,1041,2026-05-04T16:32:10Z,data/raw/Iraq Ethnicity Complete
data/raw/iraq_ethnicity_unzipped/Iraq Ethnicity/Iraq Ethnicity Complete/Iraq_Ethnic_lg.jpg.aux.xml,Iraq_Ethnic_lg.jpg.aux.xml,xml,1041,2026-05-04T16:32:10Z,data/raw/iraq_ethnicity_unzipped/Iraq Ethnicity/Iraq Ethnicity Complete
data/raw/Iraq Ethnicity Complete/Iraq_Ethnic_lg1.tif.aux copy.xml,Iraq_Ethnic_lg1.tif.aux copy.xml,xml,3400,2026-05-04T16:32:10Z,data/raw/Iraq Ethnicity Complete
data/raw/Iraq Ethnicity Complete/Iraq_Ethnic_lg1.tif.aux.xml,Iraq_Ethnic_lg1.tif.aux.xml,xml,3400,2026-05-04T16:32:10Z,data/raw/Iraq Ethnicity Complete
data/raw/iraq_ethnicity_unzipped/Iraq Ethnicity/Iraq Ethnicity Complete/Iraq_Ethnic_lg1.tif.aux.xml,Iraq_Ethnic_lg1.tif.aux.xml,xml,3400,2026-05-04T16:32:10Z,data/raw/iraq_ethnicity_unzipped/Iraq Ethnicity/Iraq Ethnicity Complete
data/raw/Iraq Ethnicity Complete/Iraq_Ethnic_shp.shp copy.xml,Iraq_Ethnic_shp.shp copy.xml,xml,625,2026-05-04T16:32:10Z,data/raw/Iraq Ethnicity Complete
data/raw/Iraq Ethnicity Complete/Iraq_Ethnic_shp.shp.xml,Iraq_Ethnic_shp.shp.xml,xml,625,2026-05-04T16:32:10Z,data/raw/Iraq Ethnicity Complete
data/raw/iraq_ethnicity_unzipped/Iraq Ethnicity/Iraq Ethnicity Complete/Iraq_Ethnic_shp.shp.xml,Iraq_Ethnic_shp.shp.xml,xml,625,2026-05-04T16:32:10Z,data/raw/iraq_ethnicity_unzipped/Iraq Ethnicity/Iraq Ethnicity Complete
data/raw/Iraq Ethnicity Complete/Iraq_Ethnic_tif.tif.aux copy.xml,Iraq_Ethnic_tif.tif.aux copy.xml,xml,3396,2026-05-04T16:32:10Z,data/raw/Iraq Ethnicity Complete
data/raw/Iraq Ethnicity Complete/Iraq_Ethnic_tif.tif.aux.xml,Iraq_Ethnic_tif.tif.aux.xml,xml,3396,2026-05-04T16:32:10Z,data/raw/Iraq Ethnicity Complete
data/raw/iraq_ethnicity_unzipped/Iraq Ethnicity/Iraq Ethnicity Complete/Iraq_Ethnic_tif.tif.aux.xml,Iraq_Ethnic_tif.tif.aux.xml,xml,3396,2026-05-04T16:32:10Z,data/raw/iraq_ethnicity_unzipped/Iraq Ethnicity/Iraq Ethnicity Complete
data/raw/Iraq Ethnicity Complete/Iraq_ethnic_Complete_Intersect.shp copy.xml,Iraq_ethnic_Complete_Intersect.shp copy.xml,xml,10736,2026-05-04T16:32:10Z,data/raw/Iraq Ethnicity Complete
data/raw/Iraq Ethnicity Complete/Iraq_ethnic_Complete_Intersect.shp.xml,Iraq_ethnic_Complete_Intersect.shp.xml,xml,10736,2026-05-04T16:32:10Z,data/raw/Iraq Ethnicity Complete
data/raw/Iraq Ethnicity Population/Iraq_ethnic_Complete_Intersect.shp.xml,Iraq_ethnic_Complete_Intersect.shp.xml,xml,10736,2026-05-04T16:34:31Z,data/raw/Iraq Ethnicity Population
data/raw/iraq_ethnicity_unzipped/Iraq Ethnicity/Iraq Ethnicity Complete/Iraq_ethnic_Complete_Intersect.shp.xml,Iraq_ethnic_Complete_Intersect.shp.xml,xml,10736,2026-05-04T16:32:10Z,data/raw/iraq_ethnicity_unzipped/Iraq Ethnicity/Iraq Ethnicity Complete
data/raw/iraq_ethnicity_unzipped/Iraq Ethnicity/Iraq Ethnicity Population/Iraq_ethnic_Complete_Intersect.shp.xml,Iraq_ethnic_Complete_Intersect.shp.xml,xml,10736,2026-05-04T16:34:31Z,data/raw/iraq_ethnicity_unzipped/Iraq Ethnicity/Iraq Ethnicity Population
data/raw/Iraq Ethnicity Complete/Iraq_ethnic_UTM.shp copy.xml,Iraq_ethnic_UTM.shp copy.xml,xml,527,2026-05-04T16:32:10Z,data/raw/Iraq Ethnicity Complete
data/raw/Iraq Ethnicity Complete/Iraq_ethnic_UTM.shp.xml,Iraq_ethnic_UTM.shp.xml,xml,527,2026-05-04T16:32:10Z,data/raw/Iraq Ethnicity Complete
data/raw/Iraq Ethnicity Only/Iraq_ethnic_UTM.shp.xml,Iraq_ethnic_UTM.shp.xml,xml,527,2026-05-04T16:34:13Z,data/raw/Iraq Ethnicity Only
data/raw/iraq_ethnicity_unzipped/Iraq Ethnicity/Iraq Ethnicity Complete/Iraq_ethnic_UTM.shp.xml,Iraq_ethnic_UTM.shp.xml,xml,527,2026-05-04T16:32:10Z,data/raw/iraq_ethnicity_unzipped/Iraq Ethnicity/Iraq Ethnicity Complete
data/raw/iraq_ethnicity_unzipped/Iraq Ethnicity/Iraq Ethnicity Only/Iraq_ethnic_UTM.shp.xml,Iraq_ethnic_UTM.shp.xml,xml,527,2026-05-04T16:34:13Z,data/raw/iraq_ethnicity_unzipped/Iraq Ethnicity/Iraq Ethnicity Only
data/raw/Iraq Ethnicity Complete/info copy/arc0000.xml,arc0000.xml,xml,703,2026-05-04T16:32:10Z,data/raw/Iraq Ethnicity Complete/info copy
data/raw/Iraq Ethnicity Complete/info/arc0000.xml,arc0000.xml,xml,703,2026-05-04T16:32:10Z,data/raw/Iraq Ethnicity Complete/info
data/raw/iraq_ethnicity_unzipped/Iraq Ethnicity/Iraq Ethnicity Complete/info/arc0000.xml,arc0000.xml,xml,703,2026-05-04T16:32:10Z,data/raw/iraq_ethnicity_unzipped/Iraq Ethnicity/Iraq Ethnicity Complete/info
data/raw/district_intersect.shp.xml,district_intersect.shp.xml,xml,18836,2026-05-04T16:32:10Z,data/raw
data/raw/Iraq Ethnicity Complete/7-baghdad_coded copy/district_intersect.shp.xml,district_intersect.shp.xml,xml,18836,2026-05-04T16:32:10Z,data/raw/Iraq Ethnicity Complete/7-baghdad_coded copy
data/raw/Iraq Ethnicity Complete/7-baghdad_coded/district_intersect.shp.xml,district_intersect.shp.xml,xml,18836,2026-05-04T16:32:10Z,data/raw/Iraq Ethnicity Complete/7-baghdad_coded
data/raw/iraq_ethnicity_unzipped/Iraq Ethnicity/Iraq Ethnicity Complete/7-baghdad_coded/district_intersect.shp.xml,district_intersect.shp.xml,xml,18836,2026-05-04T16:32:10Z,data/raw/iraq_ethnicity_unzipped/Iraq Ethnicity/Iraq Ethnicity Complete/7-baghdad_coded
data/raw/district_intersect_Project.shp.xml,district_intersect_Project.shp.xml,xml,19624,2026-05-04T16:32:10Z,data/raw
data/raw/Iraq Ethnicity Complete/7-baghdad_coded copy/district_intersect_Project.shp.xml,district_intersect_Project.shp.xml,xml,19624,2026-05-04T16:32:10Z,data/raw/Iraq Ethnicity Complete/7-baghdad_coded copy
data/raw/Iraq Ethnicity Complete/7-baghdad_coded/district_intersect_Project.shp.xml,district_intersect_Project.shp.xml,xml,19624,2026-05-04T16:32:10Z,data/raw/Iraq Ethnicity Complete/7-baghdad_coded
data/raw/iraq_ethnicity_unzipped/Iraq Ethnicity/Iraq Ethnicity Complete/7-baghdad_coded/district_intersect_Project.shp.xml,district_intersect_Project.shp.xml,xml,19624,2026-05-04T16:32:10Z,data/raw/iraq_ethnicity_unzipped/Iraq Ethnicity/Iraq Ethnicity Complete/7-baghdad_coded
data/raw/Iraq Ethnicity Complete/iraq_districts_06162010.shp copy.xml,iraq_districts_06162010.shp copy.xml,xml,18191,2026-05-04T16:32:10Z,data/raw/Iraq Ethnicity Complete
data/raw/Iraq Ethnicity Complete/iraq_districts_06162010.shp.xml,iraq_districts_06162010.shp.xml,xml,18191,2026-05-04T16:32:10Z,data/raw/Iraq Ethnicity Complete
data/raw/iraq_ethnicity_unzipped/Iraq Ethnicity/Iraq Ethnicity Complete/iraq_districts_06162010.shp.xml,iraq_districts_06162010.shp.xml,xml,18191,2026-05-04T16:32:10Z,data/raw/iraq_ethnicity_unzipped/Iraq Ethnicity/Iraq Ethnicity Complete
data/raw/master-gdc-gdcdatasets-2024595019_2008-2024595019_2008/lsglobal_2008.xml,lsglobal_2008.xml,xml,12796,2026-05-08T01:54:36Z,data/raw/master-gdc-gdcdatasets-2024595019_2008-2024595019_2008
data/raw/Iraq Ethnicity Complete/7-baghdad_coded copy/urban_baghdad.shp.xml,urban_baghdad.shp.xml,xml,1017,2026-05-04T16:32:10Z,data/raw/Iraq Ethnicity Complete/7-baghdad_coded copy
data/raw/Iraq Ethnicity Complete/7-baghdad_coded/urban_baghdad.shp.xml,urban_baghdad.shp.xml,xml,1017,2026-05-04T16:32:10Z,data/raw/Iraq Ethnicity Complete/7-baghdad_coded
data/raw/iraq_ethnicity_unzipped/Iraq Ethnicity/Iraq Ethnicity Complete/7-baghdad_coded/urban_baghdad.shp.xml,urban_baghdad.shp.xml,xml,1017,2026-05-04T16:32:10Z,data/raw/iraq_ethnicity_unzipped/Iraq Ethnicity/Iraq Ethnicity Complete/7-baghdad_coded
data/raw/urban_baghdad.shp.xml,urban_baghdad.shp.xml,xml,1017,2026-05-04T16:32:10Z,data/raw
